-- phpMyAdmin SQL Dump
-- version 5.0.4
-- https://www.phpmyadmin.net/
--
-- Host: localhost
-- Waktu pembuatan: 16 Jun 2021 pada 14.06
-- Versi server: 10.4.17-MariaDB
-- Versi PHP: 7.4.13

SET SQL_MODE = "NO_AUTO_VALUE_ON_ZERO";
START TRANSACTION;
SET time_zone = "+00:00";


/*!40101 SET @OLD_CHARACTER_SET_CLIENT=@@CHARACTER_SET_CLIENT */;
/*!40101 SET @OLD_CHARACTER_SET_RESULTS=@@CHARACTER_SET_RESULTS */;
/*!40101 SET @OLD_COLLATION_CONNECTION=@@COLLATION_CONNECTION */;
/*!40101 SET NAMES utf8mb4 */;

--
-- Database: `rental_mobil`
--

-- --------------------------------------------------------

--
-- Struktur dari tabel `mobil`
--

CREATE TABLE `mobil` (
  `id_mobil` int(10) NOT NULL,
  `no_plat` varchar(10) NOT NULL,
  `jenis` varchar(20) NOT NULL,
  `merk` varchar(20) NOT NULL,
  `tahun` varchar(5) NOT NULL,
  `warna` varchar(10) NOT NULL
) ENGINE=InnoDB DEFAULT CHARSET=utf8mb4;

--
-- Dumping data untuk tabel `mobil`
--

INSERT INTO `mobil` (`id_mobil`, `no_plat`, `jenis`, `merk`, `tahun`, `warna`) VALUES
(5001, 'B 1230 AD', 'SUV Sport', 'Pajero Sport', '2019', 'Hitam'),
(5003, 'B 8795 WE', 'Sedan', 'Toyota Camry', '2018', 'Merah'),
(5004, 'B 5845 AD', 'Sedan', 'Mazda', '2019', 'Hitam');

-- --------------------------------------------------------

--
-- Struktur dari tabel `pelanggan`
--

CREATE TABLE `pelanggan` (
  `id_pelanggan` int(10) NOT NULL,
  `nama_pelanggan` varchar(30) NOT NULL,
  `alamat` varchar(40) NOT NULL,
  `no_hp` varchar(20) NOT NULL
) ENGINE=InnoDB DEFAULT CHARSET=utf8mb4;

--
-- Dumping data untuk tabel `pelanggan`
--

INSERT INTO `pelanggan` (`id_pelanggan`, `nama_pelanggan`, `alamat`, `no_hp`) VALUES
(4001, 'Antony Sano', 'Perum Berkah, Cikarang, Bekasi', '0891872361'),
(4003, 'Maria Ingka', 'Perum Asri, Condet, Jakarta', '085128764120'),
(4004, 'Albaran', 'Jalan Kembang, Cikarang, Bekasi', '08512398312'),
(4005, 'Ranso', 'Cikarang Barat, Bekasi', '0819321123');

-- --------------------------------------------------------

--
-- Struktur dari tabel `petugas`
--

CREATE TABLE `petugas` (
  `id_petugas` int(10) NOT NULL,
  `nama_petugas` varchar(30) NOT NULL,
  `alamat` varchar(40) NOT NULL,
  `no_hp` varchar(15) NOT NULL
) ENGINE=InnoDB DEFAULT CHARSET=utf8mb4;

--
-- Dumping data untuk tabel `petugas`
--

INSERT INTO `petugas` (`id_petugas`, `nama_petugas`, `alamat`, `no_hp`) VALUES
(1001, 'Ariel Santoso', 'Jalan Mawar, Cikarang, Bekasi', '08183291023'),
(1002, 'Alexander Paijo', 'Perum Indah, Cibitung, Bekasi', '085123763421');

-- --------------------------------------------------------

--
-- Struktur dari tabel `sewa`
--

CREATE TABLE `sewa` (
  `id_sewa` int(10) NOT NULL,
  `id_petugas` int(10) DEFAULT NULL,
  `id_pelanggan` int(10) DEFAULT NULL,
  `id_mobil` int(10) DEFAULT NULL,
  `tgl_pinjam` date DEFAULT NULL,
  `tgl_kembali` date DEFAULT NULL,
  `total_bayar` varchar(20) DEFAULT NULL
) ENGINE=InnoDB DEFAULT CHARSET=utf8mb4;

--
-- Dumping data untuk tabel `sewa`
--

INSERT INTO `sewa` (`id_sewa`, `id_petugas`, `id_pelanggan`, `id_mobil`, `tgl_pinjam`, `tgl_kembali`, `total_bayar`) VALUES
(2001, 1001, 4002, 5003, '2021-05-27', '2021-05-29', '1000000'),
(2002, 1001, 4003, 5001, '2021-05-20', '2021-05-26', '2500000'),
(2003, 1002, 4001, 5004, '2021-05-19', '2021-05-22', '1500000'),
(2004, 1002, 4004, 5002, '2021-06-01', '2021-06-04', '2000000');

--
-- Indexes for dumped tables
--

--
-- Indeks untuk tabel `mobil`
--
ALTER TABLE `mobil`
  ADD PRIMARY KEY (`id_mobil`);

--
-- Indeks untuk tabel `pelanggan`
--
ALTER TABLE `pelanggan`
  ADD PRIMARY KEY (`id_pelanggan`);

--
-- Indeks untuk tabel `petugas`
--
ALTER TABLE `petugas`
  ADD PRIMARY KEY (`id_petugas`);

--
-- Indeks untuk tabel `sewa`
--
ALTER TABLE `sewa`
  ADD PRIMARY KEY (`id_sewa`);

--
-- AUTO_INCREMENT untuk tabel yang dibuang
--

--
-- AUTO_INCREMENT untuk tabel `pelanggan`
--
ALTER TABLE `pelanggan`
  MODIFY `id_pelanggan` int(10) NOT NULL AUTO_INCREMENT, AUTO_INCREMENT=4009;
COMMIT;

/*!40101 SET CHARACTER_SET_CLIENT=@OLD_CHARACTER_SET_CLIENT */;
/*!40101 SET CHARACTER_SET_RESULTS=@OLD_CHARACTER_SET_RESULTS */;
/*!40101 SET COLLATION_CONNECTION=@OLD_COLLATION_CONNECTION */;
